{
  "kp": 3.998879996132221,
  "ki": 0.0012793796194942768,
  "kd": 7.993138242420772
}